id,filename
93b,93b_Gourdan_GG_MB_2021_MAN_Piette_final_nocolor.png
420b,420b_Gonn_AP_Monrepos_final_nocolor.png
360a,360a_Gonn_AP_Monrepos_final_nocolor.png
84a,84a_Gonn_AP_Monrepos_final_nocolor.png
144a,144a_L-B_MdP_final_nocolor.png
167b,167b_GG_MB_2021_MdAM_final_nocolor.png
307b,307b_Gonn_AP_Monrepos_final_nocolor.png
370a,370a_Gonn_AP_Monrepos_final_nocolor.png
73a,73a_Gonn_AP_Monrepos_final_nocolor.png
167a,167a_GG_MB_2021_MdAM_final_nocolor.png
201a,201a_Peters_Graziosi 1960_final_nocolor.png
484a,484a_Gonn_AP_Monrepos_final_nocolor.png
70a,70a_Gonn_AP_Monrepos_final_nocolor.png
431a,431a_Gonn_AP_Monrepos_final_nocolor.png
631a,631a_Gonn_AP_Monrepos_final_nocolor.png
552a,552a_Gonn_AP_Monrepos_final_nocolor.png
93a,93a_Gourdan_GG_MB_2021_MAN_Piette_final_nocolor.png
151b,151b_PC_DSC00570_final_nocolor.png
73b,73b_Gonn_AP_Monrepos_final_nocolor.png
186a,186a_GG_MB_2021_MdAM_final_nocolor.png
626a,626a_Gonn_AP_Monrepos_final_nocolor.png
151a,151a MdA_final_nocolor.png
70b,70b_Gonn_AP_Monrepos_final_nocolor.png
555a,555a_Gonn_AP_Monrepos_final_nocolor.png
144b,144b_L-B_MdP_final_nocolor.png
226a,226a_Aguas_Sant_Final_nocolor.png
202b,202b_final_nocolor.png
226b,226b_Aguas_Santander_final_nocolor.png
355a,355a_Gonn_AP_Monrepos_final_nocolor.png
420a,420a_Gonn_AP_Monrepos_final_nocolor.png
202a,202a_final_nocolor.png
241b,241b_Badegoule_MdP_Pr.A.png
418a,418a_Gonn_AP_Monrepos_final_nocolor.png
241a,241a_Badegoule_MdP_Pr.A.png
307a,307a_Gonn_AP_Monrepos_final_nocolor.png
186b,186b_GG_MB_2021_MdAM_final_nocolor.png
353a,353a_Gonn_AP_Monrepos_final_nocolor.png
